spv,project,three_letter_code,customer,account_number,wf_qty,project_type,wf_status,tcma_status,map_reference,region,departement,commune,km_ar_arras,km_ar_nantes,temps_ar_arras_en_h,temps_ar_vertou_en_h,peages_arras,peages_nantes,siret,vat_number,head_office_address,legal_representative,bank_domiciliation,remit_subscription,portfolio_name,asset_manager,project_developer,co_developper,number_of_wec,type_of_wec,wec_age,wec_supplier,hub_height_m,rotor_diam_m,tip_height_m,rated_power_mw_installed,total_mw,last_toc,wec_service_company,transfer_station_power_station,transfer_station_power_station_service_company,grid_operator,contract_type,tcma_signature_date,tcma_entree_en_vigueur,beginning_of_remuneration,end_date_of_tcma,tcma_compensation_rate,arras_technical_management,control_room_l1,technical_operations_management_l2,field_crew,environnemental_department,drei_in_place,drei_date,delegataire_electrique_nf_c18_510,sub_delegataire_electrique_nf_c18_510,electrical_engineering,hse_coordination,tm,substitute_tm,ice_detection_system_automatic_stop_yes_no_;_automatic_restart_yes_no,overseer,main_service_company,service_provider,service_contract_type,end_date_of_om_contract,key_account_manager,substitute_key_account_manager,commercial_controller,substitute_commercial_controller,accountant,substitute_accountant,expert_comptable_chartered_accountant,commissaire_aux_comptes_legal_auditor,end_date_of_legal_auditor_mandate,energy_trader,agregator_contract_signature_date,start_date_agregator_contract,duration_aggregator_contract,tariff_aggregator,active_edf_contract,tarif_ppa_type,tarif_start_date,tarif_end_date,duration,energy_price_per_kwh,vppa_name,vppa_start,vapp_duration,quantity,vppa_tariff_m_wh,production_target_bank_m_wh_an,production_target_investor_m_wh_an,productible_actual_2020_m_wh,productible_actual_2021_m_wh,productible_actual_2022_m_wh,productible_actual_2023_m_wh,revenue_target_2020,revenue_target_2021,revenue_target_2022,revenue_target_2023,revenue_target_2024,revenue_actual_2020,revenue_actual_2021,revenue_actual_2022,revenue_actual_2023,aip_number,duty_dreal_contact,prefecture_name,prefecture_address,financial_guarantee_amount,financial_guarantee_due_date,dismantling_provision_indexation_date,land_lease_payment_date,country,windmanager_subsidiary
Energie Vendee,Auzay,EVE,Wpd Europe,2442,1.0,Wind,In Operation by wm,in force,54.0,Pays-de-la-Loire,Vendée,Auzay,1112.8,191.36,12.688,2.166666666666667,116.1,18.2,82257560100056,FR61822575601,29 rue des Rosati 62000 Arras,Wpd Gestion d'Actifs,SaarLB ,Yes,Wpd,Wpd Gestion d'Actifs,Wpd Sas,,9.0,E138,4.0,Enercon,110.0,138.0,179.0,3.96,35.64,2021,Enercon,3,Ineo,ENEDIS,CM + TM,2020-04-20,2021-03-25,2021-03-25,2041-06-30,0.025,Cedric Mbemba,Ali Tiras,Elyas Khachane,Alexandre Dessein,François Taraud,yes,,Elyas Khachane,Cédric Mbemba,Stéphane Berthe,Kawtar Mhamdi,Gwénaël Carret,Mohammed-Amine Maachou,Power Curve Method (YES ; YES),Romain Gatineau,Enercon,Enercon West,EPK,2036-07-26,Azenor Vidament,Louis Chenel,Florent Dubois,Arnaud Bognwou ,Amélie Capelle,Ronald Senaeme,Rsm Est,Cofime,2028.0,Bkw,,2025-01-01,1,Spot,non,,,,,,Trailstone,2025-03-01,2025-06-30,,61.0,94200.01,94200.01,0.0,22128.29,27005.214,77334.679,0.0,791891.0,6031841.0,5934007.0,5945310.0,0.0,1324976.54,1705754.0,4881364.0,,DREAL Vendée,Préfecture de Vendée,29 rue de Lille 85000 la Roche sur Yon,675360.0,2025-12-10,2026,Mars,France,Wpd Windmanager France Sas
Energie Du Blanc Mont,Blanc Mont,EBM,Lanea,1912,1.0,Wind,In Operation by wm,in force,12.0,Hauts-de-France,Aisne,La-Malmaison,318.24,1152.32,3.553333333333333,11.509333333333334,14.5,103.4,52170212600033,FR41521702126,29 rue des Rosati 62000 Arras,Christophe Bret,Commerzbank,Yes,Lanea,Sepale / Luc Vuchot /Isabelle Paque,Wpd Sas,Eoles Futur,6.0,E82,9.0,Enercon,98.0,82.0,139.0,2.3,13.8,2016,Enercon,1,Ineo,ENEDIS ,CM + TM,2016-12-01,,2016-10-01,2036-12-31,,Cedric Mbemba,Ali Tiras,Elyas Khachane,Alexandre Dessein,François Taraud,no,,Christophe Bret,,Stéphane Berthe,Kawtar Mhamdi,Gwénaël Carret,Mohammed-Amine Maachou,Power Curve Method (YES ; YES),Denis Cattaneo,Enercon,Enercon East,EPK,2031-02-01,Azenor Vidament,Louis Chenel,Florian BONNET,Ronald Senaeme,Brandon MOLIN,Ronald Senaeme,Rsm Est,Cofime,2029.0, ,,,,,,OA,2016-12-15,2031-12-15,15.0,0.09712,,,,,,23491.49,23322.36,29472.85,23069.55,23234.14,29933162.0,2082030.0,2080347.0,2106309.0,2237675.0,2270166.0,2616259.21,2036618.93,2125866.7,2877060.0,E0225,DREAL Aisne,Préfecture de L'Aisne,"Ddt Service de L'Environnement, 50 boulevard de Lyon, 02011 Laon Cedex",338177.21,2026-10-01,2026,Janvier,France,Wpd Windmanager France Sas
Energies Bocage,Bocage,BOG,Wpd Invest,,1.0,Wind,In Operation by wm,in force,48.0,Pays-de-la-Loire,Maine-et-Loire,Saint-Christophe-du-Bois,1127.36,110.24,11.284,1.456,97.2,0.0,49037894000061,FR09490378940,29 rue des Rosati 62000 Arras,Ronald Senaeme,Société Générale,,Azalée,Johann Pollinger <J.Pollinger@Wpd Invest.De>,Atalante Energies,,4.0,V90,15.0,Vestas,80.0,90.0,125.0,2.0,8.0,2010,Vestas,1,Ineo,ENEDIS,CM + TM,2020-08-07,2020-08-07,2020-08-07,2030-08-07,,Cedric Mbemba,Ali Tiras,Elyas Khachane,Alexandre Dessein,François Taraud,no,,Ronald Senaeme,,Stéphane Berthe,Kawtar Mhamdi,Hamed Omid,Fahim Rahmani,PCID (YES ; NO),Rouet Yohann,Vestas,Vestas Atlantique,AOM 5000,2026-12-31,Louis Chenel,Azenor Vidament,Florent Dubois,Ronald Senaeme,Florian Bonnet,Ronald Senaeme,Rsm Ouest,,, ,,,,,,OA,2010-11-01,2025-10-31,14.0,0.10537,,,,,,,15575.0,18444.5,16635.24,13996.33,15574999.0,1490799.27,1492084.9,1481683.55,1618775.0,1643893.0,1765786.29,1578248.0,1390826.0,1761521.0,E4905,DREAL des-Pays-de-la-Loire,Préfecture Maine et Loire,"Pl. Michel Debré, 49934 Angers Cedex 9",217007.0,2025-08-23,2025,Janvier,France,Wpd Windmanager France Sas
Energie Boule Bleue,Boule Bleue,EBB,Wpd Europe,1902,1.0,Wind,In Operation by wm,in force,21.0,Hauts-de-France,Somme,Roisel,131.04,1119.04,1.7333333333333334,11.318666666666669,5.0,95.4,49776387000050,FR96497763870,29 rue des Rosati 62000 Arras,Wpd Gestion d'Actifs,SaarLB ,Yes,Wpd,Wpd Gestion d'Actifs,Wpd Sas,,6.0,E92,8.0,Enercon,104.0,92.0,150.0,2.35,14.1,2017,Enercon,1,Ineo,SICAE,CM + TM,2017-09-29,2017-10-01,2017-10-01,2037-12-31,0.03,Cedric Mbemba,Ali Tiras,Elyas Khachane,Alexandre Dessein,François Taraud,yes,,Elyas Khachane,Cédric Mbemba,Stéphane Berthe,Kawtar Mhamdi,Mohammed-Amine Maachou,Gwénaël Carret,Power Curve Method (YES ; YES),Sébastien Cierniack,Enercon,Enercon North,EPK,2031-12-20,Azenor Vidament,Louis Chenel,Kshon Senouwoe ,Frederic Kaatze,Christopher Tialeu,Amélie Capelle,Rsm,Cofime,2025.0, ,,,,,oui,OA,2017-11-27,2032-11-27,15.0,0.09522,,,,,,32889.0,34505.472,37893.065,30037.72,31058.458,36320.329,2875312.59,3002171.2,3055747.0,3085235.0,3291870.0,3283946.21,2603956.58,2782452.1,3421360.48,E8037,DREAL Glisy,Préfecture de la Somme,51 rue de la République 80020 Amiens Cedex 9,371804.77,2027-11-25,2026,Octobre,France,Wpd Windmanager France Sas
Bouresse Energies,Bouresse ,BRS,Wpd Invest,,1.0,Wind,In Operation by wm,in force,53.0,Nouvelle-Aquitaine,Vienne,Bouresse,1139.84,492.96,11.734666666666667,5.824,96.8,0.0,50329951300062,FR43503299513,29 rue des Rosati 62000 Arras,Ronald Senaeme,Société Générale,,Azalée,Johann Pollinger <J.Pollinger@Wpd Invest.De>,Atalante Energies,,5.0,V100,8.0,Vestas,100.0,100.0,150.0,2.0,10.0,2017,Vestas,1,Ineo,SRD,CM + TM,2020-08-07,2020-08-07,2020-08-07,2030-08-07,,Cedric Mbemba,Ali Tiras,Elyas Khachane,Alexandre Dessein,François Taraud,no,,Ronald Senaeme,,Stéphane Berthe,Kawtar Mhamdi,Fahim Rahmani,Hamed Omid,PCID (YES ; NO),Dufresne Jérôme,Vestas,Vestas Atlantique,AOM 5000,2031-11-04,Louis Chenel,Azenor Vidament,Florent Dubois,Ronald Senaeme,Florian Bonnet,Ronald Senaeme,Rsm Ouest,,, ,,,,,,OA,2017-07-26,2031-11-11,14.0,0.09621,,,,,,,25276.75,29287.0,26985.14,25487.16,24946524.0,2259641.24,2243906.48,2158018.61,2369335.0,2403818.0,2565122.04,2375822.0,2342352.25,2565117.0,E8610,DREAL Nouvelle-Aquitaine,Préfecture de la Vienne,"7 Pl. Aristide Briand, 86000 Poitiers",271259.0,2025-08-23,2025,Janvier,France,Wpd Windmanager France Sas
Energie 03,Champcourt,E03,Wpd Europe,1659,1.0,Wind,In Operation by wm,in force,30.0,Hauts-de-France,Oise,Berlancourt,191.36,1046.24,3.0680000000000005,12.410666666666668,12.9,81.0,50129980400069,FR75501299804,29 rue des Rosati 62000 Arras,Wpd Gestion d'Actifs,SaarLB ,,Wpd,Wpd Gestion d'Actifs,Wpd Sas,,6.0,E103,6.0,Enercon,98.0,103.0,149.5,2.35,14.1,2019,Enercon,2,Ineo,ENEDIS ,CM + TM,2019-06-27,2019-06-26,2019-06-26,2039-12-31,0.025,Cedric Mbemba,Ali Tiras,Elyas Khachane,Alexandre Dessein,François Taraud,yes,,Cédric Mbemba,Elyas Khachane,Stéphane Berthe,Kawtar Mhamdi,Mohammed-Amine Maachou,Gwénaël Carret,Power Curve Method (YES ; YES),Denis Cattaneo,Enercon,Enercon East,EPK,2034-05-06,Valérie Bordas-Arndt,Azenor Vidament,Florent Dubois,Arnaud Bognwou ,Christopher Tialeu,Amélie Capelle,Rsm,Cofime,2025.0,Soregies,,2025-01-01,2,M0,oui,CCR2016,2019-11-01,2034-11-01,15.0,0.08886,,,,,,30554.0,31835.868,33832.78,28525.91,28228.113,33849.108,2578386.95,2588633.31,2633757.0,2695568.0,2762798.0,2731839.4,2382861.34,2364540.0,2903799.0,E0250,DREAL Glisy,Préfecture de L’Aisne,"2 rue Paul Doumer, 02000 Laon",299826.0,2024-07-10,2026,Juillet,France,Wpd Windmanager France Sas
Energie Château Garnier,Château Garnier,ECG,Wpd Europe,,1.0,Wind,In Operation by wm,in force,69.0,,,,,,,,,,84453932000011,FR88844539320,32 rue de Bellevue 92100 Boulogne Billancourt,Grégoire Simon,Unicredit,,Wpd,Wpd Gestion d'Actifs,Wpd Sas,,3.0,V136,0.0,Vestas,112.0,136.0,180.0,4.2,12.6,2025,Vestas,,,SRD,CM + TM,2023-09-11,2024-09-18,2024-10-17,2044-09-17,0.025,Cedric Mbemba,Ali Tiras,Elyas Khachane,Alexandre Dessein,François Taraud,yes,2024-10-01,Elyas Khachane,Cédric Mbemba,Stéphane Berthe,Kawtar Mhamdi,Valentin Chavatte,Alexandre Dessein,PCID (YES ; NO),,Vestas,Vestas West,AOM 5000,2039-10-01,Valérie Bordas-Arndt,Azenor Vidament,Fatih Külünk,Fatih Külünk,Amélie Capelle,Ronald Senaeme,,,2024.0,Bkw,,2024-01-01,1,Spot,non,,,,,,Equinix,2025-07-01,2045-06-30,1.0,91.02,,,,,,,,,,,,,,,,,,,,,,,,France,Wpd Windmanager France Sas
Chauve Energies,Chauvé ,CEN,Wpd Invest,,1.0,Wind,In Operation by wm,in force,49.0,Pays-de-la-Loire,Loire-Atlantique-,Saint-Père-En-Retz,1258.4,104.0,12.896,1.508,104.4,0.0,48780224100074,FR36487802241,29 rue des Rosati 62000 Arras,Ronald Senaeme,Société Générale,Yes,Azalée,Johann Pollinger <J.Pollinger@Wpd Invest.De>,Atalante Energies,,6.0,MM82,12.0,Senvion,80.0,82.0,121.0,2.0,12.0,2013,Srge,1,Ineo,ENEDIS,CM + TM,2020-08-07,2020-08-07,2020-08-07,2030-08-07,,Cedric Mbemba,Ali Tiras,Elyas Khachane,Alexandre Dessein,François Taraud,no,,Ronald Senaeme,,Stéphane Berthe,Kawtar Mhamdi,Hamed Omid,Fahim Rahmani,Repower anemometers comparaison (YES ; YES),Société Seris,Senvion,Senvion France,ad-hoc T&Cs,2023-12-28,Louis Chenel,Azenor Vidament,Florent Dubois,Ronald Senaeme,Florian Bonnet,Ronald Senaeme,Rsm Ouest,Kpmg,2024.0, ,,,,,,OA,2007-07-02,2027-12-15,14.0,0.0997,,,,,,,19996.99,24523.94,21872.27,18513.18,19513066.0,1839996.74,1827463.76,1752594.95,1919783.88,1948712.0,2228409.06,1980010.0,1747003.9,2127528.0,E4418,DREAL Pays-de-la-Loire,Préfecture de la Loire Atlantique,"6 Quai Ceineray, 44000 Nantes",325510.0,2025-08-23,2025,Janvier,France,Wpd Windmanager France Sas
Eoliennes Chouy,Chouy (Wpd Energie 21 Se N°16),E21,Wpd Europe,1873,1.0,Wind,In Operation by wm,in force,56.0,Hauts-de-France,Aisne,Chouy,359.21600000000007,1019.2,4.68,10.4,14.0,,51413036800053,FR33514130368,29 rue des Rosati 62000 Arras,Wpd Gestion d'Actifs,UniCredit,,Wpd,Wpd Gestion d'Actifs,Wpd Sas,,6.0,V100,3.0,Vestas,100.0,100.0,150.0,2.0,12.0,2022,Vestas,1,Ineo,ENEDIS,CM + TM,2021-10-30,2022-10-26,2022-10-24,2042-12-31,0.025,Cedric Mbemba,Ali Tiras,Elyas Khachane,Alexandre Dessein,François Taraud,yes,2022-10-17,Elyas Khachane,Cédric Mbemba,Stéphane Berthe,Kawtar Mhamdi,Mohammed-Amine Maachou,Gwénaël Carret,PCID (YES ; NO),Browaeys Pierre,Vestas,Vestas Picardie,AOM 5000,2038-08-30,Sara Buisan,Azenor Vidament,Arnaud Bognwou ,Kshon Senouwoe ,Christopher Tialeu,Amélie Capelle,Rsm,Cofime,2027.0,Bkw,,2025-01-01,1,Spot,non,CR17,,,,0.072,,,,,,,,,,,37736.476,,,,2812991.0,1843790.0,,,,3291007.0,,DREAL Hauts-de-France,Préfecture de L’Aisne,"2 rue Paul Doumer, 02000 Laon",380302.07,2027-10-07,2028,Mars,France,Wpd Windmanager France Sas
Wpd Ii Poitou Charentes,Clussais La Pommeraie,WPC,Wpd Europe,2169,1.0,Wind,In Operation by wm,in force,22.0,Nouvelle-Aquitaine,Deux-Sèvres,Clussais-la-Pommeraie,1191.84,416.0,12.168,4.263999999999999,100.2,28.6,79281489900045,FR53792814899,29 rue des Rosati 62000 Arras,Wpd Gestion d'Actifs,SaarLB ,,Wpd,Wpd Gestion d'Actifs,Wpd Sas,,5.0,V100,8.0,Vestas,100.0,100.0,150.0,2.2,11.0,2017,Vestas,1,Ineo,GEREDIS ,CM + TM,2016-10-13,2017-11-02,2017-11-02,2037-12-31,0.03,Cedric Mbemba,Ali Tiras,Elyas Khachane,Alexandre Dessein,François Taraud,yes,,Cédric Mbemba,Elyas Khachane,Stéphane Berthe,Kawtar Mhamdi,Valentin Chavatte,Alexandre Dessein,Ice detuction (YES ; NO),Etienne Fouche,Vestas,Vestas Atlantique,AOM 5000,2031-12-29,Valérie Bordas-Arndt,Azenor Vidament,Arnaud Bognwou ,Frederic Kaatze,Christopher Tialeu,Amélie Capelle,Rsm,Cofime,2025.0,Bkw,,2025-01-01,1,Spot,non,,,,,,,,,,,31147.0,30502.49246,35629.145,33206.26,30951.076,33029.041,2748364.52,2656354.34,2703432.0,3082053.0,2131970.0,3084524.6,2886876.95,3027741.17,3054219.94,E7920,DREAL Perigny,Préfecture des Deux Sèvres,Bp 70000 79099 Niort Cedex 9,326743.17,2027-11-25,2026,Mars,France,Wpd Windmanager France Sas
Energie 08 Sas,Dechy,E08,Wpd Europe,,1.0,Wind,In Operation by wm,in force,57.0,Hauts-de-France,Nord,Dechy,72.8,1248.0,1.3866666666666667,13.034666666666666,0.0,,50402987700058,FR02504029877,32 rue de Bellevue 92100 Boulogne Billancourt,Grégoire Simon,DZ Bank,,Wpd,Wpd Gestion d'Actifs,Wpd Sas,,5.0,V100,2025.0,Vestas,95.0,100.0,145.0,2.0,10.0,,Vestas,,,ENEDIS,CM + TM,2024-03-12,2024-11-15,2024-12-02,,,Cedric Mbemba,Ali Tiras,Elyas Khachane,Alexandre Dessein,François Taraud,,,Grégoire Simon,Elyas Khachane,Stéphane Berthe,Kawtar Mhamdi,Valentin Chavatte,Alexandre Dessein,PCID (YES ; NO),,Vestas,Vestas West,AOM 5000,,Valérie Bordas-Arndt,Valérie Bordas-Arndt,Fatih Külünk,Fatih Külünk,Amélie Capelle,Ronald Senaeme,Rsm,Cofime,,Primeo,,2024-12-01,1,M0,non,FET21 CR V2,2025-02-01,2045-01-31,20.0,0.08808,,,,,,,,,,,,,,,,,,,,,,,,,,,,,France,Wpd Windmanager France Sas
Energie Dizy,Dizy,EDI,Lanea,1839,1.0,Wind,In Operation by wm,in force,24.0,Hauts-de-France,Aisne,Dizy-le-Gros,322.40000000000003,1181.44,3.622666666666667,11.977333333333334,14.5,99.2,51401667400087,FR03514016674,29 rue des Rosati 62000 Arras,Christophe Bret,Commerzbank,Yes,Lanea,Sepale / Luc Vuchot /Isabelle Paque,Wpd Sas,Eoles Futur,5.0,E92,8.0,Enercon,103.0,92.0,149.0,2.35,11.75,2017,Enercon,1,Ineo,ENEDIS ,CM + TM,2017-11-24,,2018-01-01,2037-12-31,,Cedric Mbemba,Ali Tiras,Elyas Khachane,Alexandre Dessein,François Taraud,no,,Christophe Bret,,Stéphane Berthe,Kawtar Mhamdi,Mohammed-Amine Maachou,Gwénaël Carret,Power Curve Method (YES ; YES),Denis Cattaneo,Enercon,Enercon East,EPK,2031-12-20,Azenor Vidament,Louis Chenel,Florian BONNET,Ronald Senaeme,Brandon MOLIN,Ronald Senaeme,Rsm Est,Cofime,2028.0, ,,,,,,OA,2018-01-11,2033-01-11,15.0,0.09304,,,,,,23010.158,21235.27,25589.034,19370.52,20144.87,25595488.0,1812129.0,1810499.0,1838259.0,1952126.0,1980220.0,2150781.73,1630403.18,1764267.74,2356805.0,0219,DREAL Aisne,Préfecture de L'Aisne,"Ddt Service de L'Environnement, 50 boulevard de Lyon, 02011 Laon Cedex",310781.32,2027-10-09,2026,Mars,France,Wpd Windmanager France Sas
Energie 02,Dizy/ Obi,E02,Lanea,1183,1.0,Wind,In Operation by wm,in force,28.0,Hauts-de-France,Aisne,Boncourt,532.48,738.4,3.622666666666667,11.977333333333334,14.5,99.2,49863136500059,FR71498631365,29 rue des Rosati 62000 Arras,Christophe Bret,Commerzbank,,Lanea,Sepale / Luc Vuchot /Isabelle Paque,Wpd Sas,,2.0,E92,7.0,Enercon,85.0,92.0,131.0,2.35,4.7,2018,Enercon,1,Ineo,ENEDIS ,CM + TM,2018-12-14,,2018-12-01,2038-12-31,,Cedric Mbemba,Ali Tiras,Elyas Khachane,Alexandre Dessein,François Taraud,no,,Christophe Bret,,Stéphane Berthe,Kawtar Mhamdi,Mohammed-Amine Maachou,Gwénaël Carret,Power Curve Method (YES ; YES),Denis Cattaneo,Enercon,Enercon East,EPK,2033-10-09,Azenor Vidament,Louis Chenel,Florian BONNET,Ronald Senaeme,Brandon MOLIN,Ronald Senaeme,Rsm Est,Cofime,2026.0,Agregio,2022-01-06,,5,M0,,CCR17,2014-01-01,2034-01-01,20.0,0.07748,,,,,,9610.931,8902.49,10735.81,8591.86,8843.93,11020527.0,664963.0,651706.0,659586.0,668998.0,698312.0,812956.31,622712.77,658000.28,871145.0,E0219,DREAL Aisne,Préfecture de L'Aisne,"Ddt Service de L'Environnement, 50 boulevard de Lyon, 02011 Laon Cedex",128339.0,2028-11-30,2026,Mars,France,Wpd Windmanager France Sas
Energies Des Forieres,Forières,FOI,Wpd Invest,,1.0,Wind,In Operation by wm,in force,47.0,Normandie,Seine-Maritime,Criel-sur-Mer,276.64,977.6,4.524,10.036,0.0,100.2,45055372200064,FR31450553722,29 rue des Rosati 62000 Arras,Ronald Senaeme,Société Générale,,Azalée,Johann Pollinger <J.Pollinger@Wpd Invest.De>,Atalante Energies,,4.0,E82,16.0,Enercon,79.0,82.0,120.0,2.0,8.0,2009,Enercon,1,Enercon,ENEDIS,CM + TM,2020-08-07,2020-08-07,2020-08-07,2030-08-07,,Cedric Mbemba,Ali Tiras,Elyas Khachane,Alexandre Dessein,François Taraud,no,,Ronald Senaeme,,Stéphane Berthe,Kawtar Mhamdi,Hamed Omid,Fahim Rahmani,Power Curve Method (YES ; YES),Alonso Clément ,Enercon,Enercon North,EPK,2024-12-21,Louis Chenel,Azenor Vidament,Florent Dubois,Ronald Senaeme,Florian Bonnet,Ronald Senaeme,Rsm Ouest,,, ,,,,,,OA,2009-11-13,2024-11-12,14.0,0.09996,,,,,,,21556.137,25247.98,20516.37,19670.28,21556138.0,1910881.64,1957091.77,1995647.49,2125294.0,2158546.0,2290625.1,1850212.0,2023926.0,2378363.0,E760A,DREAL Normandie,Préfecture de la Seine Maritime,"7 Pl. de la Madeleine, 76000 Rouen",217007.0,2025-08-23,2025,Janvier,France,Wpd Windmanager France Sas
Eoliennes De Freligne,Fréligné ,FRG,Wpd Invest,,1.0,Wind,In Operation by wm,in force,50.0,Pays-de-la-Loire,Loire-Atlantique-,Touvois,1243.84,93.6,12.792000000000002,1.3173333333333332,104.4,0.0,50129109000071,FR26501291090,29 rue des Rosati 62000 Arras,Ronald Senaeme,Société Générale,,Azalée,Johann Pollinger <J.Pollinger@Wpd Invest.De>,Atalante Energies,,4.0,MM92,11.0,Senvion,100.0,92.0,146.0,2.05,8.2,2014,Srge,1,Ineo,ENEDIS,CM + TM,2020-08-07,2020-08-07,2020-08-07,2030-08-07,,Cedric Mbemba,Ali Tiras,Elyas Khachane,Alexandre Dessein,François Taraud,no,,Ronald Senaeme,,Stéphane Berthe,Kawtar Mhamdi,Hamed Omid,Fahim Rahmani,Repower anemometers comparaison (YES ; YES),Société Loire Sanous Securite,Senvion,Senvion France,ad-hoc T&Cs,2024-01-21,Louis Chenel,Azenor Vidament,Florent Dubois,Ronald Senaeme,Florian Bonnet,Ronald Senaeme,Rsm Ouest,,, ,,,,,,OA,2014-10-29,2029-10-28,15.0,0.09779,,,,,,,19709.15,20531.85,18436.63,16581.01,19709145.0,1749650.9,1756478.82,1689990.15,1820335.57,1930586.0,1826385.41,1631128.0,1529881.0,1818373.0,E4434,DREAL Pays-de-la-Loire,Préfecture de la Loire Atlantique,"6 Quai Ceineray, 44000 Nantes",217007.0,2025-08-23,2025,Janvier,France,Wpd Windmanager France Sas
Energies Des Hauts Traits,Hauts Traits,HAT,Wpd Invest,,1.0,Wind,In Operation by wm,in force,45.0,Normandie,Seine-Maritime,Gouchaupre,320.32,971.36,4.8533333333333335,9.828,0.0,100.2,44883901900065,FR26448839019,29 rue des Rosati 62000 Arras,Ronald Senaeme,Société Générale,,Azalée,Johann Pollinger <J.Pollinger@Wpd Invest.De>,Atalante Energies,,4.0,N90,18.0,Nordex,80.0,90.0,125.0,2.5,10.0,2007,Res,1,Ineo,ENEDIS,CM + TM,2020-08-07,2020-08-07,2020-08-07,2030-08-07,,Cedric Mbemba,Ali Tiras,Elyas Khachane,Alexandre Dessein,François Taraud,no,,Ronald Senaeme,,Stéphane Berthe,Kawtar Mhamdi,Hamed Omid,Fahim Rahmani,Eologix (YES ; NO),Alonso Clément ,Res,Res,ad-hoc T&Cs,2027-12-31,Louis Chenel,Azenor Vidament,Florent Dubois,Ronald Senaeme,Florian Bonnet,Ronald Senaeme,Rsm Ouest,,,Alpiq,,,,Spot Horaire,,,2007-07-01,2022-06-30,14.0,,,,,,,,20173.0,21692.69,18220.61,17006.12,2466206.0,1853841.43,1951132.66,1984429.96,1264480.03,2082025.0,2096260.73,1738566.0,2798317.81,148023.0,E7601,DREAL Normandie,Préfecture de la Seine Maritime,"7 Pl. de la Madeleine, 76000 Rouen",217007.0,2025-08-23,2025,Janvier,France,Wpd Windmanager France Sas
Energie Du Confolentais,Herbes Sauvages,ECO,Wpd Europe,1175,1.0,Wind,In Operation by wm,in force,58.0,Nouvelle-Aquitaine,Charente,Le-Bouchage,1248.0,520.0,13.52,5.720000000000001,111.0,,49773373300065,FR89497733733,29 rue des Rosati 62000 Arras,Wpd Gestion d'Actifs,Unicredit,,Wpd,Wpd Gestion d'Actifs,Wpd Sas,,4.0,V136,2.0,Vestas,112.0,136.0,180.0,3.0,12.0,2023,Vestas,1,Ineo,ENEDIS,CM + TM,2022-05-20,2023-09-29,2023-09-21,2043-12-31,0.025,Cedric Mbemba,Ali Tiras,Elyas Khachane,Alexandre Dessein,François Taraud,yes,,Wpd Gestion d'Actifs,Elyas Khachane,Stéphane Berthe,Kawtar Mhamdi,Gwénaël Carret,Mohammed-Amine Maachou,PCID (YES ; NO),Sebastien Jean,Vestas,Vestas Atlantique,AOM 5000,2038-10-31,Azenor Vidament,Valérie Bordas-Arndt,Arnaud Bognwou ,Kshon Senouwoe ,Amélie Capelle,Ronald Senaeme,Rsm,Cofime,2025.0,Bkw,,2025-01-01,1,Spot,non,,2025-04-15,2024-09-01,,,Equinix,2025-07-01,2045-06-30,1.0,91.02,,,,,,,,,,3253677.0,2291907.0,,,,688529.67,,DREAL Nouvelle-Aquitaine,Préfecture de la Charente,"7 9 rue de la Préfecture, 16000 Angoulême",506283.88,2028-08-15,2028,Mars,France,Wpd Windmanager France Sas
Energie Iwuy,Iwuy,EIW,Wpd Europe,2388,1.0,Wind,In Operation by wm,in force,29.0,Hauts-de-France,Nord,Avesnes-le-Sec,145.6,1202.24,1.8373333333333333,11.838666666666668,2.4,105.6,81090063900057,FR32810900639,29 rue des Rosati 62000 Arras,Wpd Gestion d'Actifs,SaarLB ,Yes,Wpd,Wpd Gestion d'Actifs,Wpd Sas,Escofi,5.0,V117,6.0,Vestas,116.5,117.0,175.0,3.6,18.0,2019,Vestas,2,Ineo,ENEDIS ,CM + TM,2018-12-27,2019-05-29,2019-05-29,2039-12-31,0.03,Cedric Mbemba,Ali Tiras,Elyas Khachane,Alexandre Dessein,François Taraud,yes,,Cédric Mbemba,Elyas Khachane,Stéphane Berthe,Kawtar Mhamdi,Alexandre Dessein,Valentin Chavatte,PCID (YES ; NO),Remy Dequeker,Vestas,Vestas Picardie,AOM 5000,2033-08-23,Azenor Vidament,Valérie Bordas-Arndt,Florent Dubois,Arnaud Bognwou ,Christopher Tialeu,Amélie Capelle,Rsm,Schoemacker,2026.0,Soregies,,2025-01-01,2,M0,oui,CCR2016,2019-07-01,2034-07-01,15.0,0.08908,,,,,,49839.0,51294.575,57891.389,46778.83,45199.408,50693.0,4614418.01,4184389.03,4298573.0,4617888.0,4674801.0,4665524.7,3878127.93,3798416.0,4364483.0,E5909,DREAL Hauts-de-France,Préfecture du Nord,12 rue Jean Sans Peur 59039 Lille Cedex,245973.0,2024-07-08,2026,Juillet,France,Wpd Windmanager France Sas
Eoliennes Suroit Snc,Lanrivoaré,LAN,Statkraft Renouvelables,,1.0,Wind,In Operation by wm,in force,16.0,Bretagne,Finistère,Lanrivoaré,1522.56,680.16,16.068,7.696000000000001,47.2,0.0,48330372300090,FR92483303723,148 avenue Jean Jaurès 69007 Lyon,Bellanger Arnaud,HYPOVEREINSBANK,,Suroit,Bellanger Arnaud,Abo Wind,,2.0,N60,18.0,Nordex,69.0,60.0,99.0,1.3,2.6,2007,Dwt,1,Dourmap,ENEDIS ,CM + TM,2015-10-15,2015-10-15,,2030-12-31,0.035,Cedric Mbemba,Ali Tiras,Elyas Khachane,Alexandre Dessein,François Taraud,no,,Bellanger Arnaud,,Stéphane Berthe,Kawtar Mhamdi,Fahim Rahmani,Hamed Omid,,Société Sécuritas ,Deutsche Windtechnik,Deutsche Windtechnik,ad-hoc T&Cs,2027-02-02,Azenor Vidament,Louis Chenel,Statkraft France,Statkraft France,Amélie Capelle,Ronald Senaeme,Rsm Est,Kpmg,2027.0,Agregio,2022-06-15,2023-12-31,,,,,2007-06-14,2022-06-14,15.0,SPOT HORAIRE,,,,,,0.0,4751.857,5117.016,5061.87,4368.29,,433621.11,492268.46,374442.28,390308.0,,516118.81,510455.05,577068.0,,E2903,DREAL Quimper,Préfecture du Finistère,"42 boulevard Dupleix, Cs 16033, 29320 Qimper",107522.24,2025-12-01,2025,Décembre,France,Wpd Windmanager France Sas
Energie Des Poiriers Sas,Les Marnières,EPO,Wpd Europe,2545,1.0,Wind,In Operation by wm,in force,59.0,Hauts-de-France,Aisne,Marcy-Sous-Marle,291.2,1248.0,3.64,12.48,14.0,,82804221800044,FR25828042218,29 rue des Rosati 62000 Arras,Wpd Gestion d'Actifs,Unicredit,,Wpd,Wpd Gestion d'Actifs,Wpd Sas,,3.0,V110,2.0,Vestas,80.0,110.0,135.0,2.2,6.6000000000000005,2023,Vestas,1,Ineo,ENEDIS ,CM + TM,2022-12-19,2023-09-07,2023-10-27,2043-12-31,0.025,Cedric Mbemba,Ali Tiras,Elyas Khachane,Alexandre Dessein,François Taraud,yes,,Wpd Gestion d'Actifs,Cédric Mbemba,Stéphane Berthe,Kawtar Mhamdi,Valentin Chavatte,Alexandre Dessein,PCID (YES ; NO),Denis Cattaneo,Vestas,Vestas Picardie,AOM 5000,2038-12-17,Valérie Bordas-Arndt,Azenor Vidament,Frederic Kaatze,Arnaud Bognwou ,Amélie Capelle,Ronald Senaeme,Rsm,Cofime,2029.0,Bkw,,2025-01-01,1,Spot,non,,2025-05-27,,,,Equinix,2025-10-01,2040-09-30,1.0,91.02,,,,,,16877.228,,,,201404.0,824290.0,,,,201104.46,,DREAL Glisy,Préfecture de L’Aisne,"2 rue Paul Doumer, 02000 Laon",302356.35,2028-10-01,2029,Mars,France,Wpd Windmanager France Sas
Energie Les Trente,Les Trente,ELT,Lanea,1903,1.0,Wind,In Operation by wm,in force,14.0,Hauts-de-France,Somme,Beuvraignes,180.96,1017.12,1.9586666666666668,10.313333333333333,10.2,87.4,49772564800065,FR84497725648,29 rue des Rosati 62000 Arras,Christophe Bret,SaarLB ,,Lanea,Sepale / Luc Vuchot /Isabelle Paque,Wpd Sas,Abo Wind,5.0,V100,9.0,Vestas,95.0,100.0,145.0,2.0,10.0,2016,Vestas,1,Ineo,ENEDIS ,CM + TM,,,2016-12-15,2036-12-31,,Cedric Mbemba,Ali Tiras,Elyas Khachane,Alexandre Dessein,François Taraud,no,,Christophe Bret,,Stéphane Berthe,Kawtar Mhamdi,Gwénaël Carret,Mohammed-Amine Maachou,Ice detuction (YES ; NO),Maxime Donnez,Vestas,Vestas Picardie,AOM 5000,2031-03-11,Azenor Vidament,Louis Chenel,Florian BONNET,Statkraft France,Brandon MOLIN,Ronald Senaeme,Rsm Est,Cofime,2026.0, ,,,,,,OA,2017-02-07,2032-02-07,15.0,0.09389,,,,,,,26803.19,32153.571,25959.92,24054.93,30783549.0,2296533.0,2295502.0,2340913.0,2486817.0,2522822.0,2744434.51,2217689.01,2242089.65,2745893.0,E8033,DREAL Glisy,Préfecture de L'Oise,"1 Place de la Préfecture, 60022 Beauvais Cedex",169088.6,2027-01-23,2026,Mars,France,Wpd Windmanager France Sas
Energie Limalonges,Limalonges,WFLI,Wpd Europe,1732,1.0,Wind,In Operation by wm,in force,32.0,Nouvelle-Aquitaine,Deux-Sèvres,Limalonges,1181.44,438.88,11.908,4.6626666666666665,100.2,28.6,50826938800056,FR89508269388,29 rue des Rosati 62000 Arras,Wpd Gestion d'Actifs,NordLB,Yes,Wpd,Wpd Gestion d'Actifs,Wpd Sas,,5.0,V110,5.0,Vestas,95.0,110.0,150.0,2.2,11.0,2020,Vestas,1,Ineo,SRD,CM + TM,2020-08-01,2020-05-19,2020-05-19,2040-12-31,0.025,Cedric Mbemba,Ali Tiras,Elyas Khachane,Alexandre Dessein,François Taraud,yes,,Elyas Khachane,Cédric Mbemba,Stéphane Berthe,Kawtar Mhamdi,Valentin Chavatte,Alexandre Dessein,PCID (YES ; NO),Girault Brothier,Vestas,Vestas Atlantique,AOM 5000,2034-07-23,Azenor Vidament,Valérie Bordas-Arndt,Kshon Senouwoe ,Arnaud Bognwou ,Christopher Tialeu,Amélie Capelle,Rsm Est,Cofime,2026.0,Soregies,,2025-01-01,1,M0,oui,CCR2017,2020-12-01,2040-06-01,20.0,0.07627,,,,,,31532.0,26478.21668,13261.793,26204.8,26260.85,16483.019,1900342.0,1900342.0,1904541.0,2020553.0,1995360.0,994067.04,1877452.38,2011304.0,2020919.0,E7927,DREAL Perigny,Préfecture des Deux Sèvres,Bp70000 79099 4 rue du Guesclin 79000 Niort,272977.0,2025-05-01,2026,Mars / Août,France,Wpd Windmanager France Sas
Energies Des Longs Champs,Longs-Champs,LCH,Wpd Invest,,1.0,Wind,In Operation by wm,in force,51.0,Normandie,Seine-Maritime,Le-Bourg-Dun,461.76,938.08,5.962666666666667,9.429333333333334,0.0,103.6,45055375500064,FR33450553755,29 rue des Rosati 62000 Arras,Ronald Senaeme,Société Générale,Yes,Azalée,Johann Pollinger <J.Pollinger@Wpd Invest.De>,Atalante Energies,,5.0,E82,9.0,Enercon,69.0,82.0,110.0,2.35,11.75,2016,Enercon,1,Enercon,ENEDIS,CM + TM,2020-08-07,2020-08-07,2020-08-07,2030-08-07,,Cedric Mbemba,Ali Tiras,Elyas Khachane,Alexandre Dessein,François Taraud,no,,Ronald Senaeme,,Stéphane Berthe,Kawtar Mhamdi,Hamed Omid,Fahim Rahmani,Power Curve Method (YES ; YES),Leborgne Arnaud,Enercon,Enercon North,EPK,2032-07-01,Louis Chenel,Azenor Vidament,Florent Dubois,Ronald Senaeme,Florian Bonnet,Ronald Senaeme,Rsm Ouest,,, ,,,,,,OA,2016-06-22,2031-06-22,14.0,0.09777,,,,,,,27155.99,31976.44,26760.4,25831.53,26938752.0,2374195.6,2414982.99,2493914.42,2600129.0,2638176.0,2842887.75,2370850.0,2378736.04,3036319.0,E7616,DREAL Normandie,Préfecture de la Seine Maritime,"7 Pl. de la Madeleine, 76000 Rouen",271259.0,2025-08-23,2025,Janvier,France,Wpd Windmanager France Sas
Energie Haute Vienne Sas,Magnac-Laval,EHV,Wpd Europe,2440,1.0,Wind,In Operation by wm,in force,60.0,Nouvelle-Aquitaine,Haute-Vienne,Magnac-Laval,1144.0,665.6,12.48,7.28,73.2,,82375454400059,FR76823754544,29 rue des Rosati 62000 Arras,Wpd Gestion d'Actifs,UniCredit,,Wpd,Wpd Gestion d'Actifs,Wpd Sas,,4.0,V136,1.0,Vestas,112.0,136.0,180.0,2.85,11.4,2024,Vestas,2,Ineo,ENEDIS,CM + TM,2022-12-19,2024-02-29,2024-10-01,,,Cedric Mbemba,Ali Tiras,Elyas Khachane,Alexandre Dessein,François Taraud,yes,,Wpd Gestion d'Actifs,Cédric Mbemba,Stéphane Berthe,Kawtar Mhamdi,Valentin Chavatte,Alexandre Dessein,PCID (YES ; NO),Estelle Martin ,Vestas,Vestas Atlantique,AOM 5000,,Valérie Bordas-Arndt,Azenor Vidament,Arnaud Bognwou ,Kshon Senouwoe ,Amélie Capelle,Ronald Senaeme,Rsm Est,Cofime,,Bkw,,2024-01-01,2,Spot,non,FET17 CR V2,2024-11-23,2025-06-30,,0.06289,Equinix,2025-07-01,2045-06-30,0.932,91.02,,,,,,,,,,,,,,,,,,,,,,,,France,Wpd Windmanager France Sas
Eoliennes Suroit Snc,Méligny-Le-Grand,MLG,Statkraft Renouvelables,,1.0,Wind,In Operation by wm,in force,17.0,Grand-Est,Meuse,Meligny-le-Grand,686.4,1399.84,7.678666666666667,14.698666666666666,33.4,86.8,48330372300090,FR92483303723,148 avenue Jean Jaurès 69007 Lyon,Bellanger Arnaud,HYPOVEREINSBANK,,Suroit,Bellanger Arnaud,Wpd Sas,Eoles Futur,4.0,MM82,18.0,Senvion,80.0,82.0,121.0,2.05,8.2,2007,Dwt,1,Ineo,ENEDIS ,CM + TM,2015-10-23,2015-10-23,,2030-12-31,0.035,Cedric Mbemba,Ali Tiras,Elyas Khachane,Alexandre Dessein,François Taraud,no,,Bellanger Arnaud,,Stéphane Berthe,Kawtar Mhamdi,Fahim Rahmani,Hamed Omid,Repower anemometers comparaison (YES ; YES),Thomas Vauthier,Deutsche Windtechnik,Deutsche Windtechnik,ad-hoc T&Cs,2028-02-13,Azenor Vidament,Louis Chenel,Statkraft France,Statkraft France,Amélie Capelle,Ronald Senaeme,Rsm Est,Kpmg,2027.0,Agregio,2022-12-28,2023-12-31,,,,,2007-02-11,2022-02-11,15.0,SPOT HORAIRE,,,,,,0.0,14586.087,16899.204,14499.635,14404.51,,1363101.68,1548405.48,1149371.26,1198074.0,,1549632.19,1398676.14,1938380.0,,E5507,DREAL Bar-le-Duc,Préfecture de la Meuse,"40 rue du Bourg, 55000 Bar le Duc",215044.47,2025-12-01,2025,Janvier,France,Wpd Windmanager France Sas
Eoliennes Suroit Snc,Ménil-La-Horgne,MLH,Statkraft Renouvelables,,1.0,Wind,In Operation by wm,in force,18.0,Grand-Est,Meuse,Ménil-la-Horgne,688.48,1401.92,7.626666666666667,14.664,33.4,86.8,48330372300090,FR92483303723,148 avenue Jean Jaurès 69007 Lyon,Bellanger Arnaud,HYPOVEREINSBANK,,Suroit,Bellanger Arnaud,Wpd Sas,,7.0,MD77,18.0,Senvion,82.0,77.0,120.5,1.5,10.5,2007,Dwt,1,Ineo,ENEDIS ,CM + TM,2015-10-23,2015-10-23,,2030-12-31,0.035,Cedric Mbemba,Ali Tiras,Elyas Khachane,Alexandre Dessein,François Taraud,no,,Bellanger Arnaud,,Stéphane Berthe,Kawtar Mhamdi,Fahim Rahmani,Hamed Omid,Repower anemometers comparaison (YES ; YES),Thomas Vauthier,Deutsche Windtechnik,Deutsche Windtechnik,ad-hoc T&Cs,2028-02-13,Azenor Vidament,Louis Chenel,Statkraft France,Statkraft France,Amélie Capelle,Ronald Senaeme,Rsm Est,Kpmg,2027.0,Agregio,2022-12-23,2023-12-31,,,,,2007-02-14,2022-02-14,15.0,SPOT HORAIRE,,,,,,0.0,20180.48,22065.747,20118.891,19868.36,,1884077.07,2140204.13,1590204.69,1657587.0,,2014769.76,1916844.43,2677035.0,,E5506,DREAL Bar-le-Duc,Préfecture de la Meuse,"40 rue du Bourg, 55000 Bar le Duc",376327.83,2025-12-01,2025,Janvier,France,Wpd Windmanager France Sas
Energie 21 Poitou-Charentes,Mlhcp,EPC,Lanea,1842,1.0,Wind,In Operation by wm,in force,9.0,Nouvelle-Aquitaine,Deux-Sèvres,Melleran,1210.56,418.08,12.358666666666666,4.368,100.2,28.6,51441835900055,FR27514418359,29 rue des Rosati 62000 Arras,Christophe Bret,Commerzbank,Yes 1/2,Lanea,Sepale / Luc Vuchot /Isabelle Paque,Wpd Sas,,7.0,E101,10.0,Enercon,100.0,101.0,150.5,3.05,21.35,2015,Enercon,2,Ineo,GEREDIS ,CM + TM,2015-08-01,,2015-08-06,2035-12-31,,Cedric Mbemba,Ali Tiras,Elyas Khachane,Alexandre Dessein,François Taraud,no,,Christophe Bret,,Stéphane Berthe,Kawtar Mhamdi,Gwénaël Carret,Mohammed-Amine Maachou,Power Curve Method (YES ; YES),Laëtitia Courtioux,Enercon,Enercon West,EPK,2029-10-06,Azenor Vidament,Louis Chenel,Florian BONNET,Ronald Senaeme,Brandon MOLIN,Ronald Senaeme,Rsm Est,Cofime,2028.0, ,,,,,,OA,,2030-09-19,15.0,0.09745,,,,,,31532.0,42862.12,47591.263,45743.29,42185.13,43279079.0,3955463.0,3861074.5,3887673.0,4126114.4,4186691.0,4205704.7,4059393.42,3876079.8,4169791.0,E7914,DREAL Perigny,Préfecture des Deux Sèvres,"Bureau de L'Environnement, 4 rue du Guesclin Bp522,79099 Niort Cedex 9",456604.22,2025-10-30,2026,Octobre,France,Wpd Windmanager France Sas
Sepe Du Mont D Ergny,Mont D'Ergny,SME,Lanea,2164,1.0,Wind,In Operation by wm,in force,5.0,Hauts-de-France,Pas-de-Calais,Bourthes,194.48,1168.96,2.3746666666666667,11.613333333333332,8.8,107.4,49537444900058,FR36495374449,29 rue des Rosati 62000 Arras,Christophe Bret,SaarLB ,,Lanea,Sepale / Luc Vuchot /Isabelle Paque,Wpd Sas,Intervent,4.0,E70,13.0,Enercon,98.0,70.0,133.0,2.3,9.2,2012,Enercon,1,Enercon,ENEDIS ,CM + TM,2012-09-03,,,2032-12-31,,Cedric Mbemba,Ali Tiras,Elyas Khachane,Alexandre Dessein,François Taraud,no,,Christophe Bret,,Stéphane Berthe,Kawtar Mhamdi,Mohammed-Amine Maachou,Gwénaël Carret,Power Curve Method (YES ; YES),Benoit Lottillier,Enercon,Enercon North,EPK,2026-08-01,Azenor Vidament,Louis Chenel,Florian BONNET,Ronald Senaeme,Brandon MOLIN,Ronald Senaeme,Rsm Est,Cofime,2026.0, ,,,,,,OA,2012-03-30,2027-09-30,15.0,0.10038,,,,,,21018.0,20788.0,25377.232,20004.2,19733.3,24378834.0,1906434.0,1906725.95,1943189.0,2060497.53,2091544.0,2288864.72,1811828.59,1866401.45,2419954.0,E62Y,DREAL Béthune,Préfecture du Pas de Calais,"Rue Ferdinand Buisson, 62020 Arras Cedex 09",217597.51,2025-07-30,2026,Mai,France,Wpd Windmanager France Sas
Energie Du Touvent,Mont Du Saule,EDT,Wpd Europe,1700,1.0,Wind,In Operation by wm,in force,25.0,Pays-de-la-Loire,Mayenne,Hardanges,871.52,384.8,9.810666666666668,5.408,64.0,6.4,50402985100046,FR21504029851,29 rue des Rosati 62000 Arras,Wpd Gestion d'Actifs,SaarLB ,,Wpd,Wpd Gestion d'Actifs,Wpd Sas,,3.0,E92,7.0,Enercon,102.0,92.0,148.0,2.35,7.050000000000001,2018,Enercon,1,Ineo,ENEDIS ,CM + TM,2017-11-20,2017-11-21,2017-11-21,2037-12-31,0.03,Cedric Mbemba,Ali Tiras,Elyas Khachane,Alexandre Dessein,François Taraud,yes,,Cédric Mbemba,Elyas Khachane,Stéphane Berthe,Kawtar Mhamdi,Fahim Rahmani,Hamed Omid,Power Curve Method (YES ; YES),Thomas Duchesne,Enercon,Enercon West,EPK,2031-12-30,Sara Buisan,Valérie Bordas-Arndt,Arnaud Bognwou ,Kshon Senouwoe ,Christopher Tialeu,Amélie Capelle,Rsm,Cofime,2026.0,Bkw,,2025-01-01,1,Spot,non,,,,,,,,,,,17343.99999,18376.262,21623.379,17988.9,17412.443,20376.278,1581164.0,1600144.0,1632235.0,1728793.0,1173466.0,1864072.98,1553906.52,1584170.71,1821046.45,E5314,DREAL Angers,Préfecture de Mayenne,46 rue Mazagran Cs 91507 53015 Laval Cedex ,220313.8,2028-01-30,2026,Novembre,France,Wpd Windmanager France Sas
Energie Montagne Gaillard,Montagne Gaillard,EMG,Lanea,1729,1.0,Wind,In Operation by wm,in force,6.0,Hauts-de-France,Somme,Villers-Faucon,139.36,1123.2,1.8026666666666669,11.474666666666668,4.5,95.4,50823708800051,FR92508237088,29 rue des Rosati 62000 Arras,Christophe Bret,SaarLB ,Yes 2/2,Lanea,Sepale / Luc Vuchot /Isabelle Paque,Wpd Sas,,8.0,E82,11.0,Enercon,85.0,82.0,126.0,2.3,18.4,2014,Enercon,2,Ineo,SICAE,CM + TM,2014-02-06,,,2034-12-31,,Cedric Mbemba,Ali Tiras,Elyas Khachane,Alexandre Dessein,François Taraud,no,,Christophe Bret,,Stéphane Berthe,Kawtar Mhamdi,Gwénaël Carret,Mohammed-Amine Maachou,Power Curve Method (YES ; YES),Sébastien Cierniack,Enercon,Enercon North,EPK,2028-08-08,Azenor Vidament,Louis Chenel,Florian BONNET,Ronald Senaeme,Brandon MOLIN,Ronald Senaeme,Rsm Est,Cofime,2027.0, ,,,,,,OA,2014-05-15,2029-05-16,15.0,0.09787,,,,,,31881.0,36170.73,41869.589,32924.35,31548.95,39346373.0,3236021.0,3235899.0,3297529.0,3495830.0,3548033.0,3688984.96,2914039.69,2908875.59,3809676.0,E8011,DREAL Glisy,Préfecture de la Somme,"51 rue de la République, 80020 Amiens Cedex 9",435195.02,2025-07-29,2026,Avril,France,Wpd Windmanager France Sas
Energie Moulismes Sas,Moulismes,EMS,Wpd Europe,,1.0,Wind,In Operation by wm,in force,70.0,,,,,,,,,,82804215000023,FR15828042150,32 rue de Bellevue 92100 Boulogne Billancourt,Grégoire Simon,DZ Bank,,Wpd,Wpd Gestion d'Actifs,Wpd Sas,,3.0,V150,1.0,Vestas,125.0,150.0,200.0,4.2,12.6,2024,Vestas,,,SRD,CM + TM,2023-09-11,2024-10-25,2025-03-25,2044-10-25,0.025,,,,,François Taraud,,,,Cédric Mbemba,Stéphane Berthe,Kawtar Mhamdi,Valentin Chavatte,Alexandre Dessein,PCID (YES ; NO),,Vestas,Vestas Atlantique,AOM 5000,,Valérie Bordas-Arndt,Azenor Vidament,Fatih Külünk,Fatih Külünk,Amélie Capelle,Ronald Senaeme,,,,Soregies,,2025-01-22,2027-12-31 00:00:00,Spot,non,,,,,,Microsoft,2025-03-15,2040-03-14,1.0,89.12,,,,,,,,,,,,,,,,,,,,,,,,France,Wpd Windmanager France Sas
Eoliennes De L'Ormeau,Ormeau,EDO,Wpd Europe,2653,1.0,Wind,In Operation by wm,in force,27.0,Bourgogne-Franche-Comté,Côte-d'Or,Quincy-le-Vicomte,842.4,1177.28,9.308,12.081333333333337,54.3,106.8,49776389600048,FR77497763896,29 rue des Rosati 62000 Arras,Wpd Gestion d'Actifs,SaarLB ,,Wpd,Wpd Gestion d'Actifs,Wpd Sas,,4.0,V100,7.0,Vestas,100.0,100.0,150.0,2.2,8.8,2018,Vestas,1,Ineo,ENEDIS ,CM + TM,2018-02-05,2018-11-19,2018-11-19,2038-12-31,0.03,Cedric Mbemba,Ali Tiras,Elyas Khachane,Alexandre Dessein,François Taraud,yes,,Elyas Khachane,Cédric Mbemba,Stéphane Berthe,Kawtar Mhamdi,Alexandre Dessein,Valentin Chavatte,Ice detuction (YES ; NO),Jean Pierre Gruer,Vestas,Vestas Champagne,AOM 5000,2033-02-05,Azenor Vidament,Valérie Bordas-Arndt,Sebastián Briceño ,Arnaud Bognwou ,Christopher Tialeu,Amélie Capelle,Rsm,Cofime,2025.0,Soregies,,2025-01-01,2,M0,oui,CCR2016,2019-01-01,2034-01-01,15.0,0.08819,,,,,,16358.0,17013.383,21946.473,19028.45,17563.577,19942.973,1368556.53,1374036.99,1397675.0,1426442.0,1492345.0,1767891.77,1574961.22,1462320.0,1689968.0,E2109,DREAL Côtes-d'Or,Préfecture de la Côte D’Or,53 rue de la Préfecture 21041 Dijon Cedex ,215635.66,2023-11-26,2026,Mai / Décembre,France,Wpd Windmanager France Sas
Energie De L'Obi,Parc M (Obi),EOB,Lanea,1663,1.0,Wind,In Operation by wm,in force,13.0,Hauts-de-France,Aisne,Dizy-le-Gros,322.40000000000003,1181.44,3.622666666666667,11.977333333333334,14.5,99.2,50130004000042,FR07501300040,29 rue des Rosati 62000 Arras,Christophe Bret,Commerzbank,Yes,Lanea,Sepale / Luc Vuchot /Isabelle Paque,Wpd Sas,,8.0,E82,9.0,Enercon,108.0,82.0,149.0,2.0,16.0,2016,Enercon,1,Ineo,ENEDIS ,CM + TM,2015-11-26,,,2035-12-31,,Cedric Mbemba,Ali Tiras,Elyas Khachane,Alexandre Dessein,François Taraud,no,,Christophe Bret,,Stéphane Berthe,Kawtar Mhamdi,Mohammed-Amine Maachou,Gwénaël Carret,Power Curve Method (YES ; YES),Denis Cattaneo,Enercon ,Enercon East,EPK,2030-05-05,Azenor Vidament,Louis Chenel,Florian BONNET,Ronald Senaeme,Brandon MOLIN,Ronald Senaeme,Rsm Est,Cofime,2026.0, ,,,,,,OA,2016-03-04,2031-03-04,15.0,0.09749,,,,,,29997.81855,32038.03,36680.044,29246.63,29734.59,36961520.0,2861604.0,2859957.0,2905611.0,3085105.0,3130380.0,3219509.47,2576317.19,2726873.4,3564776.0,E0219,DREAL Aisne,Préfecture de L'Aisne,"Ddt Service de L'Environnement, 50 boulevard de Lyon, 02011 Laon Cedex",431267.27,2026-02-01,2026,Mars,France,Wpd Windmanager France Sas
Energie 05 Sas,Pays De Mayenne,E05,Wpd Europe,1661,1.0,Wind,In Operation by wm,in force,61.0,Pays-de-la-Loire,Mayenne,La-Haie-Traversaine-/-Parigné-sur-Braye,936.0,457.6,10.4,5.373333333333334,60.4,,50129983800059,FR80501299838,29 rue des Rosati 62000 Arras,Wpd Gestion d'Actifs,UniCredit,,Wpd,Wpd Gestion d'Actifs,Wpd Sas,,3.0,N117,2.0,Nordex,91.5,117.0,150.0,3.6,10.8,2023,Nordex,1,Ineo,ENEDIS,CM + TM,2022-10-05,2023-02-02,2023-04-18,2043-12-31,0.025,Cedric Mbemba,Ali Tiras,Elyas Khachane,Alexandre Dessein,François Taraud,yes,2023-02-17,Cédric Mbemba,Elyas Khachane,Stéphane Berthe,Kawtar Mhamdi,Gwénaël Carret,Mohammed-Amine Maachou,Labkotec (YES ; NO),Florian Landais,Nordex,Nordex Ouest,Nordex premium,2038-08-31,Sara Buisan,Azenor Vidament,Frederic Kaatze,Arnaud Bognwou ,Amélie Capelle,Ronald Senaeme,Rsm,Cofime,2025.0,Bkw,,2025-01-01,1,Spot,non,CR17,2025-04-30,2024-09-01,,,Equinix,2025-07-01,2045-06-30,1.0,91.02,,,,,,8430.619,,,,709213.0,924020.0,,,,623748.0,,DREAL Pays-de-la-Loire,Préfecture de Mayenne,"46 rue Mazagran, Cs 91507, 53015 Laval Cedex ",281251.66,2028-03-10,2028,Mars,France,Wpd Windmanager France Sas
Energie Des Noyers Sas,Petit Doré Ppk,EDN,Wpd Europe,2548,1.0,Wind,In Operation by wm,in force,63.0,Bretagne,Côte-d'Armor,Kreiz-Breizh,1331.2,478.4,14.04,5.720000000000001,53.4,,82793822600020,FR01827938226,29 rue des Rosati 62000 Arras,Wpd Gestion d'Actifs,UniCredit,,Wpd,Wpd Gestion d'Actifs,Wpd Sas,,5.0,N117,1.0,Nordex,106.0,117.0,164.5,3.6,18.0,2024,Nordex,2,Ineo,ENEDIS,CM + TM,2023-06-01,2024-03-13,2024-04-10,,,Cedric Mbemba,Ali Tiras,Elyas Khachane,Alexandre Dessein,François Taraud,yes,2024-04-24,Elyas Khachane,Cédric Mbemba,Stéphane Berthe,Kawtar Mhamdi,Valentin Chavatte,Alexandre Dessein,Labkotec (YES ; NO),Sébastien Hello ,Nordex,Nordex Ouest,Nordex premium,,Azenor Vidament,Valérie Bordas-Arndt,Arnaud Bognwou ,Kshon Senouwoe ,Amélie Capelle,Ronald Senaeme,Rsm,Cofime,2029.0,Bkw,,2025-01-01,1,Spot,non,,2025-06-29,2024-09-01,,,Interxion,2025-10-01,2040-09-30,1.0,90.08,,,,,,,,,,,,,,,,,,,,,,,,France,Wpd Windmanager France Sas
Energies Du Petit Caux,Petit-Caux,PEC,Wpd Invest,,1.0,Wind,In Operation by wm,in force,46.0,Normandie,Seine-Maritime,Petit-Caux,303.68,958.88,4.8533333333333335,9.828,0.0,100.2,44883896100069,FR46448838961,29 rue des Rosati 62000 Arras,Ronald Senaeme,Société Générale,,Azalée,Johann Pollinger <J.Pollinger@Wpd Invest.De>,Atalante Energies,,4.0,N90,18.0,Nordex,80.0,90.0,125.0,2.5,10.0,2007,Res,1,Ineo,ENEDIS,CM + TM,2020-08-07,2020-08-07,2020-08-07,2030-08-07,,Cedric Mbemba,Ali Tiras,Elyas Khachane,Alexandre Dessein,François Taraud,no,,Ronald Senaeme,,Stéphane Berthe,Kawtar Mhamdi,Hamed Omid,Fahim Rahmani,Eologix (YES ; NO),Alonso Clément ,Res,Res,ad-hoc T&Cs,2027-12-31,Louis Chenel,Azenor Vidament,Florent Dubois,Ronald Senaeme,Florian Bonnet,Ronald Senaeme,Rsm Ouest,,,Alpiq,,,,Spot Horaire,,,2007-08-01,2022-07-31,14.0,,,,,,,,23797.0,27149.21,22040.29,17753.03,20498976.0,2216149.55,2295696.59,2349749.16,4488316.39,2945792.0,2617118.36,2137780.0,2627905.9,1601408.0,E7607,DREAL Normandie,Préfecture de la Seine Maritime,"7 Pl. de la Madeleine, 76000 Rouen",217007.0,2025-08-23,2025,Janvier,France,Wpd Windmanager France Sas
Energie 21 Auvergne,Peyrusse (Wpd Energie 21 Auvergne ),EAV,Wpd Europe,,1.0,Wind,In Construction,in nego,62.0,Auvergne-Rhone-Alpes,Cantal,Peyrusse,0.0,0.0,0.0,0.0,,,,,,,UniCredit,,Wpd,Wpd Gestion d'Actifs,Wpd Sas,,8.0,E82,3.0,Enercon,98.0,82.0,139.0,2.3,18.4,2022,,,,,CM + TM,,,,,,Cedric Mbemba,Ali Tiras,Elyas Khachane,Alexandre Dessein,François Taraud,,,0,Cédric Mbemba,Stéphane Berthe,Kawtar Mhamdi,Gwénaël Carret,Mohammed-Amine Maachou,Power Curve Method (YES ; YES),,Enercon,,EPK,,Valérie Bordas-Arndt,Azenor Vidament,,,Amélie Capelle,Ronald Senaeme,Rsm,Cofime,,,,,,,,,,,,,,,,,,,,,,,,,,,,,,,,,,,,,,,,,France,Wpd Windmanager France Sas
Energie Quincy,Quincy,ENQ,Wpd Europe,1177,1.0,Wind,In Operation by wm,in force,26.0,Bourgogne-Franche-Comté,Côte-d'Or,Quincy-le-Vicomte,840.32,717.6,9.308,12.081333333333337,54.3,106.8,49776512300045,FR72497765123,29 rue des Rosati 62000 Arras,Wpd Gestion d'Actifs,SaarLB ,,Wpd,Wpd Gestion d'Actifs,Wpd Sas,,3.0,V100,7.0,Vestas,100.0,100.0,150.0,2.2,6.6000000000000005,2018,Vestas,1,Ineo,ENEDIS ,CM + TM,2018-02-05,2018-11-21,2018-11-21,2038-12-31,0.03,Cedric Mbemba,Ali Tiras,Elyas Khachane,Alexandre Dessein,François Taraud,yes,,Cédric Mbemba,Elyas Khachane,Stéphane Berthe,Kawtar Mhamdi,Alexandre Dessein,Valentin Chavatte,Ice detuction (YES ; NO),Jean Pierre Gruer,Vestas,Vestas Champagne,AOM 5000,2033-02-02,Azenor Vidament,Valérie Bordas-Arndt,Sebastián Briceño ,Arnaud Bognwou ,Christopher Tialeu,Amélie Capelle,Rsm,Cofime,2025.0,Soregies,,2025-01-01,2,M0,oui,CCR2017,2019-01-01,2039-01-01,20.0,0.07663,,,,,,12929.0,13435.92,16931.263,14824.74,13631.068,15364.15,968864.19,968864.19,978553.0,1067484.0,1077782.0,1227944.33,1110476.38,994795.0,1141473.0,E2109,DREAL Côtes-d'Or,Préfecture de la Côte D’Or,53 rue de la Préfecture 21041 Dijon Cedex ,161726.75,2023-11-26,2026,Mai / Décembre,France,Wpd Windmanager France Sas
Energie Des Roncheres,Ronchères,EDR,Wpd Europe,2373,1.0,Wind,In Operation by wm,in force,31.0,Hauts-de-France,Aisne,Housset,270.40000000000003,1237.6,3.1373333333333333,12.566666666666668,7.8,81.0,81154188700063,FR72811541887,29 rue des Rosati 62000 Arras,Wpd Gestion d'Actifs,NordLB,Yes,Wpd,Wpd Gestion d'Actifs,Wpd Sas,,11.0,V136,5.0,Vestas,112.0,136.0,180.0,3.6,39.6,2020,Vestas,3,Ineo,ENEDIS,CM + TM,2019-09-16,2020-11-05,2020-11-05,2040-12-31,0.025,Cedric Mbemba,Ali Tiras,Elyas Khachane,Alexandre Dessein,François Taraud,yes,,Cédric Mbemba,Elyas Khachane,Stéphane Berthe,Kawtar Mhamdi,Alexandre Dessein,Valentin Chavatte,PCID (YES ; NO),Denis Cattaneo,Vestas,Vestas Picardie,AOM 5000,2034-02-22,Azenor Vidament,Valérie Bordas-Arndt,Florent Dubois,Arnaud Bognwou ,Christopher Tialeu,Amélie Capelle,Rsm Est,Cofime,2027.0,Bkw,,2025-01-01,1,Spot,non,,,,,,Equinix,2024-01-01,2041-12-31,0.66,91.02,116617.0,113713.99,12956.84,88669.65,113713.987,113713.99,8204191.0,6997972.0,7029681.0,7826233.0,6793479.0,692737.6,5412367.93,16481534.0,9705969.0,E0249,DREAL Hauts-de-France,Préfecture de L'Aisne,"2 rue Paul Doumer, 02000 Laon",565325.28,2024-12-14,2026,Mars,France,Wpd Windmanager France Sas
Eoliennes Suroit Snc,Roudouallec,ROU,Statkraft Renouvelables,,1.0,Wind,In Operation by wm,in force,19.0,Bretagne,Morbihan,Roudouallec,1379.04,492.96,15.218666666666667,5.928000000000001,47.2,0.0,48330372300090,FR92483303723,148 avenue Jean Jaurès 69007 Lyon,Bellanger Arnaud,HYPOVEREINSBANK,,Suroit,Bellanger Arnaud,Juwi,,7.0,E53,17.0,Enercon,60.0,53.0,86.5,0.8,5.6000000000000005,2008,Enercon,1,Dourmap,ENEDIS ,CM + TM,2015-10-23,2015-10-23,,2030-12-31,0.035,Cedric Mbemba,Ali Tiras,Elyas Khachane,Alexandre Dessein,François Taraud,no,,Bellanger Arnaud,,Stéphane Berthe,Kawtar Mhamdi,Fahim Rahmani,Hamed Omid,Power Curve Method (YES ; YES),Rémy le Moal,Enercon,Enercon West,EPK,2022-10-21,Azenor Vidament,Louis Chenel,Statkraft France,Statkraft France,Amélie Capelle,Ronald Senaeme,Rsm Est,Kpmg,2027.0,Alpiq,2023-06-11,2024-06-30,,,,,2008-06-10,2023-06-10,15.0,SPOT HORAIRE,,,,,,0.0,8767.85697,11205.522,9279.43,8318.503,,779278.16,884624.01,789289.05,720175.0,,934163.99,898652.47,688104.0,,E5609,DREAL Quimper,Préfecture du Morbihan,"10 Place du Général de Gaulle, 56000 Vannes",376327.83,2025-12-01,2025,Juillet,France,Wpd Windmanager France Sas
Energie Deux Sèvres Sas,Saint Laurs (Energie Deux Sèvres),EDS,Wpd Europe,1174,1.0,Wind,In Operation by wm,in force,64.0,Nouvelle-Aquitaine,Deux-Sèvres,Saint-Laurs,1310.4,312.0,14.04,3.64,53.4,,49773334500076,FR89497733345,29 rue des Rosati 62000 Arras,Wpd Gestion d'Actifs,UniCredit,,Wpd,Wpd Gestion d'Actifs,Wpd Sas,Innov Aisnes,6.0,N131,3.0,Nordex,114.0,131.0,179.5,3.0,18.0,2022,Nordex,2,Ineo,GEREDIS ,CM + TM,2021-10-05,2023-02-01,2023-03-09,2043-12-31,0.025,Cedric Mbemba,Ali Tiras,Elyas Khachane,Alexandre Dessein,François Taraud,yes,2023-02-08,Cédric Mbemba,Elyas Khachane,Stéphane Berthe,Kawtar Mhamdi,Fahim Rahmani,Hamed Omid,Labkotec (YES ; NO),Debordes Gwenael,Nordex,Nordex Ouest,Nordex premium,2038-07-31,Sara Buisan,Azenor Vidament,Arnaud Bognwou ,Kshon Senouwoe ,Christopher Tialeu,Amélie Capelle,Rsm Est,Cofime,2025.0,Bkw,,2025-01-01,1,Spot,non,CR17,2025-05-20,2024-09-01,,,Equinix,2025-07-01,2040-06-30,1.0,91.02,,,,,,35638.76,,,,4906871.0,3209906.0,,,,2817315.0,,DREAL Perigny,Préfecture des Deux Sèvres,Bp70000 79099 4 rue du Guesclin 79000 Niort,562503.32,2028-03-01,2028,Mars,France,Wpd Windmanager France Sas
Energie 06,Saisseval,E06,Lanea,1699,1.0,Wind,In Operation by wm,in force,10.0,Hauts-de-France,Somme,Saisseval,153.92000000000002,1042.08,3.0680000000000005,10.209333333333332,0.0,106.2,50402990100049,FR74504029901,29 rue des Rosati 62000 Arras,Christophe Bret,SaarLB ,Yes,Lanea,Sepale / Luc Vuchot /Isabelle Paque,Wpd Sas,,5.0,E82,10.0,Enercon,99.0,82.0,140.0,2.3,11.5,2015,Enercon,1,Ineo,ENEDIS ,CM + TM,2015-06-03,,,2035-12-31,,Cedric Mbemba,Ali Tiras,Elyas Khachane,Alexandre Dessein,François Taraud,no,,Christophe Bret,,Stéphane Berthe,Kawtar Mhamdi,Mohammed-Amine Maachou,Gwénaël Carret,Power Curve Method (YES ; YES),Guillaume Brunel,Enercon,Enercon North,EPK,2029-10-06,Azenor Vidament,Louis Chenel,Florian BONNET,Ronald Senaeme,Brandon MOLIN,Ronald Senaeme,Rsm Est,Cofime,2027.0, ,,,,,,OA,2015-06-30,2030-06-30,15.0,0.09778,,,,,,21495.0,20581.76,25825.33,19835.99,19229.44,24304193.0,1887025.0,1886518.0,1873334.0,1987838.0,2017341.0,2279475.63,1757860.41,1773602.39,2351463.0,E8018,DREAL Glisy,Préfecture de la Somme,"51 rue de la République, 80020 Amiens Cedex 9",271996.89,2025-04-29,2026,Février,France,Wpd Windmanager France Sas
Energie Saulzoir Sas,Saulzoir,ESA,Wpd Europe,2441,1.0,Wind,In Operation by wm,in force,65.0,Hauts-de-France,Nord,Saulzoir,176.8,1248.0,2.6,13.0,0.0,,82257567600041,FR92822575676,32 rue de Bellevue 92100 Boulogne Billancourt,Wpd Gestion d'Actifs,Unicredit,,Wpd,Wpd Gestion d'Actifs,Wpd Sas,,5.0,V136,2.0,Vestas,112.0,136.0,180.0,3.0,15.0,2023,Vestas,1,Ineo,ENEDIS,CM + TM,2022-05-20,2023-09-29,2023-10-11,2043-12-31,0.025,Cedric Mbemba,Ali Tiras,Elyas Khachane,Alexandre Dessein,François Taraud,yes,,Wpd Gestion d'Actifs,Elyas Khachane,Stéphane Berthe,Kawtar Mhamdi,Valentin Chavatte,Alexandre Dessein,PCID (YES ; NO),Maxime Archin ,Vestas,Vestas Picardie,AOM 5000,2038-12-25,Azenor Vidament,Valérie Bordas-Arndt,Arnaud Bognwou ,Kshon Senouwoe ,Amélie Capelle,Ronald Senaeme,Rsm Est,Cofime,2028.0,Bkw,,2025-01-01,1,Spot,non,,2025-05-24,,,,Equinix,2025-07-01,2045-06-30,1.0,91.02,,,,,,,,,,771745.0,3117279.0,,,,1051870.59,,DREAL Hauts-de-France,Préfecture du Nord,"1 Pl. de la République, 59000 Lille",629909.06,2028-09-01,2029,Mars,France,Wpd Windmanager France Sas
Energie Tigne,Tigné,ETI,Wpd Europe,1172,1.0,Wind,In Operation by wm,in force,15.0,Pays-de-la-Loire,Maine-et-Loire,Lys-Haut-Layon,1064.96,187.2,10.833333333333334,2.773333333333333,86.6,0.0,49785907400047,FR43497859074,29 rue des Rosati 62000 Arras,Wpd Gestion d'Actifs,SaarLB ,,Wpd,Wpd Gestion d'Actifs,Wpd Sas,Abo Wind,4.0,E82,8.0,Enercon,78.0,82.0,119.0,2.0,8.0,2017,Enercon,1,Ineo,ENEDIS ,CM + TM,2017-10-03,2017-10-05,2017-10-05,2037-12-31,0.03,Cedric Mbemba,Ali Tiras,Elyas Khachane,Alexandre Dessein,François Taraud,yes,,Elyas Khachane,Cédric Mbemba,Stéphane Berthe,Kawtar Mhamdi,Valentin Chavatte,Alexandre Dessein,Power Curve Method (YES ; YES),Max Laurilleux,Enercon,Enercon West,EPK,2032-06-20,Sara Buisan,Valérie Bordas-Arndt,Kshon Senouwoe ,Arnaud Bognwou ,Christopher Tialeu,Amélie Capelle,Rsm,Cofime,2025.0, ,,,,,oui,OA,2016-11-19,2031-11-19,15.0,0.0963,,,,,,14143.0,14557.83,16400.963,14255.2,12516.281,15282.576,1244354.82,1244763.61,1266830.0,1349167.0,1367584.0,1432869.74,1240871.65,1137435.19,1456074.9,E4905,DREAL Angers,Préfecture du Maine et Loire,Place Michel Debré 49934 Angers Cedex 9,316429.59,2027-11-25,2026,Octobre,France,Wpd Windmanager France Sas
Energie Tiper Eolien,Tiper Éolien,ENT,Wpd Europe,1703,1.0,Wind,In Operation by wm,in force,23.0,Nouvelle-Aquitaine,Deux-Sèvres,Thouars,1104.48,232.96,11.665333333333336,3.189333333333334,78.6,0.0,50403140200044,FR18504031402,29 rue des Rosati 62000 Arras,Wpd Gestion d'Actifs,SaarLB ,,Wpd,Wpd Gestion d'Actifs,Wpd Sas,,3.0,V100,8.0,Vestas,100.0,100.0,150.0,2.2,6.6000000000000005,2017,Vestas,1,Ineo,GEREDIS ,CM + TM,2017-04-04,2017-11-15,2017-11-15,2037-12-31,0.03,Cedric Mbemba,Ali Tiras,Elyas Khachane,Alexandre Dessein,François Taraud,yes,,Elyas Khachane,Cédric Mbemba,Stéphane Berthe,Kawtar Mhamdi,Fahim Rahmani,Hamed Omid,Ice detuction (YES ; NO),Ludovic Ruiz,Vestas,Vestas Atlantique,AOM 5000,2032-02-09,Sara Buisan,Valérie Bordas-Arndt,Kshon Senouwoe ,Arnaud Bognwou ,Christopher Tialeu,Amélie Capelle,Rsm,Cofime,2026.0, ,,,,,oui,OA,2017-12-07,2032-12-07,15.0,0.09531,,,,,,15345.0,15345.0,19566.028,16703.02,15329.584,17973244.0,1422206.45,1336358.0,1360034.0,1597758.0,1619492.0,1691957.33,1452143.45,1378661.63,1694796.92,E7919,DREAL Perigny,Préfecture des Deux Sèvres,4 rue Guesclin 79000 Niort,206251.22,2028-01-31,2026,Mars,France,Wpd Windmanager France Sas
Usson Energies,Usson,USO,Wpd Invest,,1.0,Wind,In Operation by wm,in force,52.0,Nouvelle-Aquitaine,Vienne,Saint-Secondin,1154.4,474.24,12.185333333333334,5.98,96.8,16.1,50129307000071,FR49501293070,29 rue des Rosati 62000 Arras,Ronald Senaeme,Société Générale,,Azalée,Johann Pollinger <J.Pollinger@Wpd Invest.De>,Atalante Energies,,5.0,V100,8.0,Vestas,100.0,100.0,150.0,2.0,10.0,2017,Vestas,1,Ineo,SRD,CM + TM,2020-08-07,2020-08-07,2020-08-07,2030-08-07,,Cedric Mbemba,Ali Tiras,Elyas Khachane,Alexandre Dessein,François Taraud,no,,Ronald Senaeme,,Stéphane Berthe,Kawtar Mhamdi,Fahim Rahmani,Hamed Omid,PCID (YES ; NO),Dufresne Jérôme,Vestas,Vestas Atlantique,AOM 5000,2031-11-04,Louis Chenel,Azenor Vidament,Florent Dubois,Ronald Senaeme,Florian Bonnet,Ronald Senaeme,Rsm Ouest,Bac Audit,2025.0, ,,,,,,OA,2017-08-01,2031-12-22,14.0,0.09628,,,,,,,26110.22,29536.14,27403.41,26478.18,26019269.0,2316192.13,2297189.66,2209122.23,2524093.35,2509532.0,2588715.33,2395005.0,2401717.0,2693475.0,E8611,DREAL Nouvelle-Aquitaine,Préfecture de la Vienne,"7 Pl. Aristide Briand, 86000 Poitiers",271259.0,2025-08-23,2025,Janvier,France,Wpd Windmanager France Sas
